CustomerID,FirstName,LastName,Email
1,FirstName1,LastName1,customer1@example.com
2,FirstName2,LastName2,customer2@example.com
3,FirstName3,LastName3,customer3@example.com
4,FirstName4,LastName4,customer4@example.com
5,FirstName5,LastName5,customer5@example.com
6,FirstName6,LastName6,customer6@example.com
7,FirstName7,LastName7,customer7@example.com
8,FirstName8,LastName8,customer8@example.com
9,FirstName9,LastName9,customer9@example.com
10,FirstName10,LastName10,customer10@example.com
11,FirstName11,LastName11,customer11@example.com
12,FirstName12,LastName12,customer12@example.com
13,FirstName13,LastName13,customer13@example.com
14,FirstName14,LastName14,customer14@example.com
15,FirstName15,LastName15,customer15@example.com
